id,tool,source_type,pattern_type,file_type,count,invert,ignore_case,line_numbers
1,icgrep,inline,literal,empty,0,0,0,0
2,icgrep,inline,literal,empty,0,0,0,1
3,icgrep,inline,literal,empty,0,0,1,0
4,icgrep,inline,literal,empty,0,0,1,1
5,icgrep,inline,literal,empty,0,1,0,0
6,icgrep,inline,literal,empty,0,1,0,1
7,icgrep,inline,literal,empty,0,1,1,0
8,icgrep,inline,literal,empty,0,1,1,1
9,icgrep,inline,literal,empty,1,0,0,0
10,icgrep,inline,literal,empty,1,0,1,0
11,icgrep,inline,literal,empty,1,1,0,0
12,icgrep,inline,literal,empty,1,1,1,0
13,icgrep,inline,literal,no_match,0,0,0,0
14,icgrep,inline,literal,no_match,0,0,0,1
15,icgrep,inline,literal,no_match,0,0,1,0
16,icgrep,inline,literal,no_match,0,0,1,1
17,icgrep,inline,literal,no_match,0,1,0,0
18,icgrep,inline,literal,no_match,0,1,0,1
19,icgrep,inline,literal,no_match,0,1,1,0
20,icgrep,inline,literal,no_match,0,1,1,1
21,icgrep,inline,literal,no_match,1,0,0,0
22,icgrep,inline,literal,no_match,1,0,1,0
23,icgrep,inline,literal,no_match,1,1,0,0
24,icgrep,inline,literal,no_match,1,1,1,0
25,icgrep,inline,literal,one_match,0,0,0,0
26,icgrep,inline,literal,one_match,0,0,0,1
27,icgrep,inline,literal,one_match,0,0,1,0
28,icgrep,inline,literal,one_match,0,0,1,1
29,icgrep,inline,literal,one_match,0,1,0,0
30,icgrep,inline,literal,one_match,0,1,0,1
31,icgrep,inline,literal,one_match,0,1,1,0
32,icgrep,inline,literal,one_match,0,1,1,1
33,icgrep,inline,literal,one_match,1,0,0,0
34,icgrep,inline,literal,one_match,1,0,1,0
35,icgrep,inline,literal,one_match,1,1,0,0
36,icgrep,inline,literal,one_match,1,1,1,0
37,icgrep,inline,literal,many_match,0,0,0,0
38,icgrep,inline,literal,many_match,0,0,0,1
39,icgrep,inline,literal,many_match,0,0,1,0
40,icgrep,inline,literal,many_match,0,0,1,1
41,icgrep,inline,literal,many_match,0,1,0,0
42,icgrep,inline,literal,many_match,0,1,0,1
43,icgrep,inline,literal,many_match,0,1,1,0
44,icgrep,inline,literal,many_match,0,1,1,1
45,icgrep,inline,literal,many_match,1,0,0,0
46,icgrep,inline,literal,many_match,1,0,1,0
47,icgrep,inline,literal,many_match,1,1,0,0
48,icgrep,inline,literal,many_match,1,1,1,0
49,icgrep,inline,literal,unicode_content,0,0,0,0
50,icgrep,inline,literal,unicode_content,0,0,0,1
51,icgrep,inline,literal,unicode_content,0,0,1,0
52,icgrep,inline,literal,unicode_content,0,0,1,1
53,icgrep,inline,literal,unicode_content,0,1,0,0
54,icgrep,inline,literal,unicode_content,0,1,0,1
55,icgrep,inline,literal,unicode_content,0,1,1,0
56,icgrep,inline,literal,unicode_content,0,1,1,1
57,icgrep,inline,literal,unicode_content,1,0,0,0
58,icgrep,inline,literal,unicode_content,1,0,1,0
59,icgrep,inline,literal,unicode_content,1,1,0,0
60,icgrep,inline,literal,unicode_content,1,1,1,0
61,icgrep,inline,literal,missing_path,0,0,0,0
62,icgrep,inline,literal,missing_path,0,0,1,0
63,icgrep,inline,literal,missing_path,0,1,0,0
64,icgrep,inline,literal,missing_path,0,1,1,0
65,icgrep,inline,literal,missing_path,1,0,0,0
66,icgrep,inline,literal,missing_path,1,0,1,0
67,icgrep,inline,literal,missing_path,1,1,0,0
68,icgrep,inline,literal,missing_path,1,1,1,0
69,icgrep,inline,char_class,empty,0,0,0,0
70,icgrep,inline,char_class,empty,0,0,0,1
71,icgrep,inline,char_class,empty,0,0,1,0
72,icgrep,inline,char_class,empty,0,0,1,1
73,icgrep,inline,char_class,empty,0,1,0,0
74,icgrep,inline,char_class,empty,0,1,0,1
75,icgrep,inline,char_class,empty,0,1,1,0
76,icgrep,inline,char_class,empty,0,1,1,1
77,icgrep,inline,char_class,empty,1,0,0,0
78,icgrep,inline,char_class,empty,1,0,1,0
79,icgrep,inline,char_class,empty,1,1,0,0
80,icgrep,inline,char_class,empty,1,1,1,0
81,icgrep,inline,char_class,no_match,0,0,0,0
82,icgrep,inline,char_class,no_match,0,0,0,1
83,icgrep,inline,char_class,no_match,0,0,1,0
84,icgrep,inline,char_class,no_match,0,0,1,1
85,icgrep,inline,char_class,no_match,0,1,0,0
86,icgrep,inline,char_class,no_match,0,1,0,1
87,icgrep,inline,char_class,no_match,0,1,1,0
88,icgrep,inline,char_class,no_match,0,1,1,1
89,icgrep,inline,char_class,no_match,1,0,0,0
90,icgrep,inline,char_class,no_match,1,0,1,0
91,icgrep,inline,char_class,no_match,1,1,0,0
92,icgrep,inline,char_class,no_match,1,1,1,0
93,icgrep,inline,char_class,one_match,0,0,0,0
94,icgrep,inline,char_class,one_match,0,0,0,1
95,icgrep,inline,char_class,one_match,0,0,1,0
96,icgrep,inline,char_class,one_match,0,0,1,1
97,icgrep,inline,char_class,one_match,0,1,0,0
98,icgrep,inline,char_class,one_match,0,1,0,1
99,icgrep,inline,char_class,one_match,0,1,1,0
100,icgrep,inline,char_class,one_match,0,1,1,1
101,icgrep,inline,char_class,one_match,1,0,0,0
102,icgrep,inline,char_class,one_match,1,0,1,0
103,icgrep,inline,char_class,one_match,1,1,0,0
104,icgrep,inline,char_class,one_match,1,1,1,0
105,icgrep,inline,char_class,many_match,0,0,0,0
106,icgrep,inline,char_class,many_match,0,0,0,1
107,icgrep,inline,char_class,many_match,0,0,1,0
108,icgrep,inline,char_class,many_match,0,0,1,1
109,icgrep,inline,char_class,many_match,0,1,0,0
110,icgrep,inline,char_class,many_match,0,1,0,1
111,icgrep,inline,char_class,many_match,0,1,1,0
112,icgrep,inline,char_class,many_match,0,1,1,1
113,icgrep,inline,char_class,many_match,1,0,0,0
114,icgrep,inline,char_class,many_match,1,0,1,0
115,icgrep,inline,char_class,many_match,1,1,0,0
116,icgrep,inline,char_class,many_match,1,1,1,0
117,icgrep,inline,char_class,unicode_content,0,0,0,0
118,icgrep,inline,char_class,unicode_content,0,0,0,1
119,icgrep,inline,char_class,unicode_content,0,0,1,0
120,icgrep,inline,char_class,unicode_content,0,0,1,1
121,icgrep,inline,char_class,unicode_content,0,1,0,0
122,icgrep,inline,char_class,unicode_content,0,1,0,1
123,icgrep,inline,char_class,unicode_content,0,1,1,0
124,icgrep,inline,char_class,unicode_content,0,1,1,1
125,icgrep,inline,char_class,unicode_content,1,0,0,0
126,icgrep,inline,char_class,unicode_content,1,0,1,0
127,icgrep,inline,char_class,unicode_content,1,1,0,0
128,icgrep,inline,char_class,unicode_content,1,1,1,0
129,icgrep,inline,char_class,missing_path,0,0,0,0
130,icgrep,inline,char_class,missing_path,0,0,1,0
131,icgrep,inline,char_class,missing_path,0,1,0,0
132,icgrep,inline,char_class,missing_path,0,1,1,0
133,icgrep,inline,char_class,missing_path,1,0,0,0
134,icgrep,inline,char_class,missing_path,1,0,1,0
135,icgrep,inline,char_class,missing_path,1,1,0,0
136,icgrep,inline,char_class,missing_path,1,1,1,0
137,icgrep,inline,negated_class,empty,0,0,0,0
138,icgrep,inline,negated_class,empty,0,0,0,1
139,icgrep,inline,negated_class,empty,0,0,1,0
140,icgrep,inline,negated_class,empty,0,0,1,1
141,icgrep,inline,negated_class,empty,0,1,0,0
142,icgrep,inline,negated_class,empty,0,1,0,1
143,icgrep,inline,negated_class,empty,0,1,1,0
144,icgrep,inline,negated_class,empty,0,1,1,1
145,icgrep,inline,negated_class,empty,1,0,0,0
146,icgrep,inline,negated_class,empty,1,0,1,0
147,icgrep,inline,negated_class,empty,1,1,0,0
148,icgrep,inline,negated_class,empty,1,1,1,0
149,icgrep,inline,negated_class,no_match,0,0,0,0
150,icgrep,inline,negated_class,no_match,0,0,0,1
151,icgrep,inline,negated_class,no_match,0,0,1,0
152,icgrep,inline,negated_class,no_match,0,0,1,1
153,icgrep,inline,negated_class,no_match,0,1,0,0
154,icgrep,inline,negated_class,no_match,0,1,0,1
155,icgrep,inline,negated_class,no_match,0,1,1,0
156,icgrep,inline,negated_class,no_match,0,1,1,1
157,icgrep,inline,negated_class,no_match,1,0,0,0
158,icgrep,inline,negated_class,no_match,1,0,1,0
159,icgrep,inline,negated_class,no_match,1,1,0,0
160,icgrep,inline,negated_class,no_match,1,1,1,0
161,icgrep,inline,negated_class,one_match,0,0,0,0
162,icgrep,inline,negated_class,one_match,0,0,0,1
163,icgrep,inline,negated_class,one_match,0,0,1,0
164,icgrep,inline,negated_class,one_match,0,0,1,1
165,icgrep,inline,negated_class,one_match,0,1,0,0
166,icgrep,inline,negated_class,one_match,0,1,0,1
167,icgrep,inline,negated_class,one_match,0,1,1,0
168,icgrep,inline,negated_class,one_match,0,1,1,1
169,icgrep,inline,negated_class,one_match,1,0,0,0
170,icgrep,inline,negated_class,one_match,1,0,1,0
171,icgrep,inline,negated_class,one_match,1,1,0,0
172,icgrep,inline,negated_class,one_match,1,1,1,0
173,icgrep,inline,negated_class,many_match,0,0,0,0
174,icgrep,inline,negated_class,many_match,0,0,0,1
175,icgrep,inline,negated_class,many_match,0,0,1,0
176,icgrep,inline,negated_class,many_match,0,0,1,1
177,icgrep,inline,negated_class,many_match,0,1,0,0
178,icgrep,inline,negated_class,many_match,0,1,0,1
179,icgrep,inline,negated_class,many_match,0,1,1,0
180,icgrep,inline,negated_class,many_match,0,1,1,1
181,icgrep,inline,negated_class,many_match,1,0,0,0
182,icgrep,inline,negated_class,many_match,1,0,1,0
183,icgrep,inline,negated_class,many_match,1,1,0,0
184,icgrep,inline,negated_class,many_match,1,1,1,0
185,icgrep,inline,negated_class,unicode_content,0,0,0,0
186,icgrep,inline,negated_class,unicode_content,0,0,0,1
187,icgrep,inline,negated_class,unicode_content,0,0,1,0
188,icgrep,inline,negated_class,unicode_content,0,0,1,1
189,icgrep,inline,negated_class,unicode_content,0,1,0,0
190,icgrep,inline,negated_class,unicode_content,0,1,0,1
191,icgrep,inline,negated_class,unicode_content,0,1,1,0
192,icgrep,inline,negated_class,unicode_content,0,1,1,1
193,icgrep,inline,negated_class,unicode_content,1,0,0,0
194,icgrep,inline,negated_class,unicode_content,1,0,1,0
195,icgrep,inline,negated_class,unicode_content,1,1,0,0
196,icgrep,inline,negated_class,unicode_content,1,1,1,0
197,icgrep,inline,negated_class,missing_path,0,0,0,0
198,icgrep,inline,negated_class,missing_path,0,0,1,0
199,icgrep,inline,negated_class,missing_path,0,1,0,0
200,icgrep,inline,negated_class,missing_path,0,1,1,0
201,icgrep,inline,negated_class,missing_path,1,0,0,0
202,icgrep,inline,negated_class,missing_path,1,0,1,0
203,icgrep,inline,negated_class,missing_path,1,1,0,0
204,icgrep,inline,negated_class,missing_path,1,1,1,0
205,icgrep,inline,anchor_start,empty,0,0,0,0
206,icgrep,inline,anchor_start,empty,0,0,0,1
207,icgrep,inline,anchor_start,empty,0,0,1,0
208,icgrep,inline,anchor_start,empty,0,0,1,1
209,icgrep,inline,anchor_start,empty,0,1,0,0
210,icgrep,inline,anchor_start,empty,0,1,0,1
211,icgrep,inline,anchor_start,empty,0,1,1,0
212,icgrep,inline,anchor_start,empty,0,1,1,1
213,icgrep,inline,anchor_start,empty,1,0,0,0
214,icgrep,inline,anchor_start,empty,1,0,1,0
215,icgrep,inline,anchor_start,empty,1,1,0,0
216,icgrep,inline,anchor_start,empty,1,1,1,0
217,icgrep,inline,anchor_start,no_match,0,0,0,0
218,icgrep,inline,anchor_start,no_match,0,0,0,1
219,icgrep,inline,anchor_start,no_match,0,0,1,0
220,icgrep,inline,anchor_start,no_match,0,0,1,1
221,icgrep,inline,anchor_start,no_match,0,1,0,0
222,icgrep,inline,anchor_start,no_match,0,1,0,1
223,icgrep,inline,anchor_start,no_match,0,1,1,0
224,icgrep,inline,anchor_start,no_match,0,1,1,1
225,icgrep,inline,anchor_start,no_match,1,0,0,0
226,icgrep,inline,anchor_start,no_match,1,0,1,0
227,icgrep,inline,anchor_start,no_match,1,1,0,0
228,icgrep,inline,anchor_start,no_match,1,1,1,0
229,icgrep,inline,anchor_start,one_match,0,0,0,0
230,icgrep,inline,anchor_start,one_match,0,0,0,1
231,icgrep,inline,anchor_start,one_match,0,0,1,0
232,icgrep,inline,anchor_start,one_match,0,0,1,1
233,icgrep,inline,anchor_start,one_match,0,1,0,0
234,icgrep,inline,anchor_start,one_match,0,1,0,1
235,icgrep,inline,anchor_start,one_match,0,1,1,0
236,icgrep,inline,anchor_start,one_match,0,1,1,1
237,icgrep,inline,anchor_start,one_match,1,0,0,0
238,icgrep,inline,anchor_start,one_match,1,0,1,0
239,icgrep,inline,anchor_start,one_match,1,1,0,0
240,icgrep,inline,anchor_start,one_match,1,1,1,0
241,icgrep,inline,anchor_start,many_match,0,0,0,0
242,icgrep,inline,anchor_start,many_match,0,0,0,1
243,icgrep,inline,anchor_start,many_match,0,0,1,0
244,icgrep,inline,anchor_start,many_match,0,0,1,1
245,icgrep,inline,anchor_start,many_match,0,1,0,0
246,icgrep,inline,anchor_start,many_match,0,1,0,1
247,icgrep,inline,anchor_start,many_match,0,1,1,0
248,icgrep,inline,anchor_start,many_match,0,1,1,1
249,icgrep,inline,anchor_start,many_match,1,0,0,0
250,icgrep,inline,anchor_start,many_match,1,0,1,0
251,icgrep,inline,anchor_start,many_match,1,1,0,0
252,icgrep,inline,anchor_start,many_match,1,1,1,0
253,icgrep,inline,anchor_start,unicode_content,0,0,0,0
254,icgrep,inline,anchor_start,unicode_content,0,0,0,1
255,icgrep,inline,anchor_start,unicode_content,0,0,1,0
256,icgrep,inline,anchor_start,unicode_content,0,0,1,1
257,icgrep,inline,anchor_start,unicode_content,0,1,0,0
258,icgrep,inline,anchor_start,unicode_content,0,1,0,1
259,icgrep,inline,anchor_start,unicode_content,0,1,1,0
260,icgrep,inline,anchor_start,unicode_content,0,1,1,1
261,icgrep,inline,anchor_start,unicode_content,1,0,0,0
262,icgrep,inline,anchor_start,unicode_content,1,0,1,0
263,icgrep,inline,anchor_start,unicode_content,1,1,0,0
264,icgrep,inline,anchor_start,unicode_content,1,1,1,0
265,icgrep,inline,anchor_start,missing_path,0,0,0,0
266,icgrep,inline,anchor_start,missing_path,0,0,1,0
267,icgrep,inline,anchor_start,missing_path,0,1,0,0
268,icgrep,inline,anchor_start,missing_path,0,1,1,0
269,icgrep,inline,anchor_start,missing_path,1,0,0,0
270,icgrep,inline,anchor_start,missing_path,1,0,1,0
271,icgrep,inline,anchor_start,missing_path,1,1,0,0
272,icgrep,inline,anchor_start,missing_path,1,1,1,0
273,icgrep,inline,anchor_end,empty,0,0,0,0
274,icgrep,inline,anchor_end,empty,0,0,0,1
275,icgrep,inline,anchor_end,empty,0,0,1,0
276,icgrep,inline,anchor_end,empty,0,0,1,1
277,icgrep,inline,anchor_end,empty,0,1,0,0
278,icgrep,inline,anchor_end,empty,0,1,0,1
279,icgrep,inline,anchor_end,empty,0,1,1,0
280,icgrep,inline,anchor_end,empty,0,1,1,1
281,icgrep,inline,anchor_end,empty,1,0,0,0
282,icgrep,inline,anchor_end,empty,1,0,1,0
283,icgrep,inline,anchor_end,empty,1,1,0,0
284,icgrep,inline,anchor_end,empty,1,1,1,0
285,icgrep,inline,anchor_end,no_match,0,0,0,0
286,icgrep,inline,anchor_end,no_match,0,0,0,1
287,icgrep,inline,anchor_end,no_match,0,0,1,0
288,icgrep,inline,anchor_end,no_match,0,0,1,1
289,icgrep,inline,anchor_end,no_match,0,1,0,0
290,icgrep,inline,anchor_end,no_match,0,1,0,1
291,icgrep,inline,anchor_end,no_match,0,1,1,0
292,icgrep,inline,anchor_end,no_match,0,1,1,1
293,icgrep,inline,anchor_end,no_match,1,0,0,0
294,icgrep,inline,anchor_end,no_match,1,0,1,0
295,icgrep,inline,anchor_end,no_match,1,1,0,0
296,icgrep,inline,anchor_end,no_match,1,1,1,0
297,icgrep,inline,anchor_end,one_match,0,0,0,0
298,icgrep,inline,anchor_end,one_match,0,0,0,1
299,icgrep,inline,anchor_end,one_match,0,0,1,0
300,icgrep,inline,anchor_end,one_match,0,0,1,1
301,icgrep,inline,anchor_end,one_match,0,1,0,0
302,icgrep,inline,anchor_end,one_match,0,1,0,1
303,icgrep,inline,anchor_end,one_match,0,1,1,0
304,icgrep,inline,anchor_end,one_match,0,1,1,1
305,icgrep,inline,anchor_end,one_match,1,0,0,0
306,icgrep,inline,anchor_end,one_match,1,0,1,0
307,icgrep,inline,anchor_end,one_match,1,1,0,0
308,icgrep,inline,anchor_end,one_match,1,1,1,0
309,icgrep,inline,anchor_end,many_match,0,0,0,0
310,icgrep,inline,anchor_end,many_match,0,0,0,1
311,icgrep,inline,anchor_end,many_match,0,0,1,0
312,icgrep,inline,anchor_end,many_match,0,0,1,1
313,icgrep,inline,anchor_end,many_match,0,1,0,0
314,icgrep,inline,anchor_end,many_match,0,1,0,1
315,icgrep,inline,anchor_end,many_match,0,1,1,0
316,icgrep,inline,anchor_end,many_match,0,1,1,1
317,icgrep,inline,anchor_end,many_match,1,0,0,0
318,icgrep,inline,anchor_end,many_match,1,0,1,0
319,icgrep,inline,anchor_end,many_match,1,1,0,0
320,icgrep,inline,anchor_end,many_match,1,1,1,0
321,icgrep,inline,anchor_end,unicode_content,0,0,0,0
322,icgrep,inline,anchor_end,unicode_content,0,0,0,1
323,icgrep,inline,anchor_end,unicode_content,0,0,1,0
324,icgrep,inline,anchor_end,unicode_content,0,0,1,1
325,icgrep,inline,anchor_end,unicode_content,0,1,0,0
326,icgrep,inline,anchor_end,unicode_content,0,1,0,1
327,icgrep,inline,anchor_end,unicode_content,0,1,1,0
328,icgrep,inline,anchor_end,unicode_content,0,1,1,1
329,icgrep,inline,anchor_end,unicode_content,1,0,0,0
330,icgrep,inline,anchor_end,unicode_content,1,0,1,0
331,icgrep,inline,anchor_end,unicode_content,1,1,0,0
332,icgrep,inline,anchor_end,unicode_content,1,1,1,0
333,icgrep,inline,anchor_end,missing_path,0,0,0,0
334,icgrep,inline,anchor_end,missing_path,0,0,1,0
335,icgrep,inline,anchor_end,missing_path,0,1,0,0
336,icgrep,inline,anchor_end,missing_path,0,1,1,0
337,icgrep,inline,anchor_end,missing_path,1,0,0,0
338,icgrep,inline,anchor_end,missing_path,1,0,1,0
339,icgrep,inline,anchor_end,missing_path,1,1,0,0
340,icgrep,inline,anchor_end,missing_path,1,1,1,0
341,icgrep,inline,alternation,empty,0,0,0,0
342,icgrep,inline,alternation,empty,0,0,0,1
343,icgrep,inline,alternation,empty,0,0,1,0
344,icgrep,inline,alternation,empty,0,0,1,1
345,icgrep,inline,alternation,empty,0,1,0,0
346,icgrep,inline,alternation,empty,0,1,0,1
347,icgrep,inline,alternation,empty,0,1,1,0
348,icgrep,inline,alternation,empty,0,1,1,1
349,icgrep,inline,alternation,empty,1,0,0,0
350,icgrep,inline,alternation,empty,1,0,1,0
351,icgrep,inline,alternation,empty,1,1,0,0
352,icgrep,inline,alternation,empty,1,1,1,0
353,icgrep,inline,alternation,no_match,0,0,0,0
354,icgrep,inline,alternation,no_match,0,0,0,1
355,icgrep,inline,alternation,no_match,0,0,1,0
356,icgrep,inline,alternation,no_match,0,0,1,1
357,icgrep,inline,alternation,no_match,0,1,0,0
358,icgrep,inline,alternation,no_match,0,1,0,1
359,icgrep,inline,alternation,no_match,0,1,1,0
360,icgrep,inline,alternation,no_match,0,1,1,1
361,icgrep,inline,alternation,no_match,1,0,0,0
362,icgrep,inline,alternation,no_match,1,0,1,0
363,icgrep,inline,alternation,no_match,1,1,0,0
364,icgrep,inline,alternation,no_match,1,1,1,0
365,icgrep,inline,alternation,one_match,0,0,0,0
366,icgrep,inline,alternation,one_match,0,0,0,1
367,icgrep,inline,alternation,one_match,0,0,1,0
368,icgrep,inline,alternation,one_match,0,0,1,1
369,icgrep,inline,alternation,one_match,0,1,0,0
370,icgrep,inline,alternation,one_match,0,1,0,1
371,icgrep,inline,alternation,one_match,0,1,1,0
372,icgrep,inline,alternation,one_match,0,1,1,1
373,icgrep,inline,alternation,one_match,1,0,0,0
374,icgrep,inline,alternation,one_match,1,0,1,0
375,icgrep,inline,alternation,one_match,1,1,0,0
376,icgrep,inline,alternation,one_match,1,1,1,0
377,icgrep,inline,alternation,many_match,0,0,0,0
378,icgrep,inline,alternation,many_match,0,0,0,1
379,icgrep,inline,alternation,many_match,0,0,1,0
380,icgrep,inline,alternation,many_match,0,0,1,1
381,icgrep,inline,alternation,many_match,0,1,0,0
382,icgrep,inline,alternation,many_match,0,1,0,1
383,icgrep,inline,alternation,many_match,0,1,1,0
384,icgrep,inline,alternation,many_match,0,1,1,1
385,icgrep,inline,alternation,many_match,1,0,0,0
386,icgrep,inline,alternation,many_match,1,0,1,0
387,icgrep,inline,alternation,many_match,1,1,0,0
388,icgrep,inline,alternation,many_match,1,1,1,0
389,icgrep,inline,alternation,unicode_content,0,0,0,0
390,icgrep,inline,alternation,unicode_content,0,0,0,1
391,icgrep,inline,alternation,unicode_content,0,0,1,0
392,icgrep,inline,alternation,unicode_content,0,0,1,1
393,icgrep,inline,alternation,unicode_content,0,1,0,0
394,icgrep,inline,alternation,unicode_content,0,1,0,1
395,icgrep,inline,alternation,unicode_content,0,1,1,0
396,icgrep,inline,alternation,unicode_content,0,1,1,1
397,icgrep,inline,alternation,unicode_content,1,0,0,0
398,icgrep,inline,alternation,unicode_content,1,0,1,0
399,icgrep,inline,alternation,unicode_content,1,1,0,0
400,icgrep,inline,alternation,unicode_content,1,1,1,0
401,icgrep,inline,alternation,missing_path,0,0,0,0
402,icgrep,inline,alternation,missing_path,0,0,1,0
403,icgrep,inline,alternation,missing_path,0,1,0,0
404,icgrep,inline,alternation,missing_path,0,1,1,0
405,icgrep,inline,alternation,missing_path,1,0,0,0
406,icgrep,inline,alternation,missing_path,1,0,1,0
407,icgrep,inline,alternation,missing_path,1,1,0,0
408,icgrep,inline,alternation,missing_path,1,1,1,0
409,icgrep,inline,repetition,empty,0,0,0,0
410,icgrep,inline,repetition,empty,0,0,0,1
411,icgrep,inline,repetition,empty,0,0,1,0
412,icgrep,inline,repetition,empty,0,0,1,1
413,icgrep,inline,repetition,empty,0,1,0,0
414,icgrep,inline,repetition,empty,0,1,0,1
415,icgrep,inline,repetition,empty,0,1,1,0
416,icgrep,inline,repetition,empty,0,1,1,1
417,icgrep,inline,repetition,empty,1,0,0,0
418,icgrep,inline,repetition,empty,1,0,1,0
419,icgrep,inline,repetition,empty,1,1,0,0
420,icgrep,inline,repetition,empty,1,1,1,0
421,icgrep,inline,repetition,no_match,0,0,0,0
422,icgrep,inline,repetition,no_match,0,0,0,1
423,icgrep,inline,repetition,no_match,0,0,1,0
424,icgrep,inline,repetition,no_match,0,0,1,1
425,icgrep,inline,repetition,no_match,0,1,0,0
426,icgrep,inline,repetition,no_match,0,1,0,1
427,icgrep,inline,repetition,no_match,0,1,1,0
428,icgrep,inline,repetition,no_match,0,1,1,1
429,icgrep,inline,repetition,no_match,1,0,0,0
430,icgrep,inline,repetition,no_match,1,0,1,0
431,icgrep,inline,repetition,no_match,1,1,0,0
432,icgrep,inline,repetition,no_match,1,1,1,0
433,icgrep,inline,repetition,one_match,0,0,0,0
434,icgrep,inline,repetition,one_match,0,0,0,1
435,icgrep,inline,repetition,one_match,0,0,1,0
436,icgrep,inline,repetition,one_match,0,0,1,1
437,icgrep,inline,repetition,one_match,0,1,0,0
438,icgrep,inline,repetition,one_match,0,1,0,1
439,icgrep,inline,repetition,one_match,0,1,1,0
440,icgrep,inline,repetition,one_match,0,1,1,1
441,icgrep,inline,repetition,one_match,1,0,0,0
442,icgrep,inline,repetition,one_match,1,0,1,0
443,icgrep,inline,repetition,one_match,1,1,0,0
444,icgrep,inline,repetition,one_match,1,1,1,0
445,icgrep,inline,repetition,many_match,0,0,0,0
446,icgrep,inline,repetition,many_match,0,0,0,1
447,icgrep,inline,repetition,many_match,0,0,1,0
448,icgrep,inline,repetition,many_match,0,0,1,1
449,icgrep,inline,repetition,many_match,0,1,0,0
450,icgrep,inline,repetition,many_match,0,1,0,1
451,icgrep,inline,repetition,many_match,0,1,1,0
452,icgrep,inline,repetition,many_match,0,1,1,1
453,icgrep,inline,repetition,many_match,1,0,0,0
454,icgrep,inline,repetition,many_match,1,0,1,0
455,icgrep,inline,repetition,many_match,1,1,0,0
456,icgrep,inline,repetition,many_match,1,1,1,0
457,icgrep,inline,repetition,unicode_content,0,0,0,0
458,icgrep,inline,repetition,unicode_content,0,0,0,1
459,icgrep,inline,repetition,unicode_content,0,0,1,0
460,icgrep,inline,repetition,unicode_content,0,0,1,1
461,icgrep,inline,repetition,unicode_content,0,1,0,0
462,icgrep,inline,repetition,unicode_content,0,1,0,1
463,icgrep,inline,repetition,unicode_content,0,1,1,0
464,icgrep,inline,repetition,unicode_content,0,1,1,1
465,icgrep,inline,repetition,unicode_content,1,0,0,0
466,icgrep,inline,repetition,unicode_content,1,0,1,0
467,icgrep,inline,repetition,unicode_content,1,1,0,0
468,icgrep,inline,repetition,unicode_content,1,1,1,0
469,icgrep,inline,repetition,missing_path,0,0,0,0
470,icgrep,inline,repetition,missing_path,0,0,1,0
471,icgrep,inline,repetition,missing_path,0,1,0,0
472,icgrep,inline,repetition,missing_path,0,1,1,0
473,icgrep,inline,repetition,missing_path,1,0,0,0
474,icgrep,inline,repetition,missing_path,1,0,1,0
475,icgrep,inline,repetition,missing_path,1,1,0,0
476,icgrep,inline,repetition,missing_path,1,1,1,0
477,icgrep,inline,unicode_property,empty,0,0,0,0
478,icgrep,inline,unicode_property,empty,0,0,0,1
479,icgrep,inline,unicode_property,empty,0,0,1,0
480,icgrep,inline,unicode_property,empty,0,0,1,1
481,icgrep,inline,unicode_property,empty,0,1,0,0
482,icgrep,inline,unicode_property,empty,0,1,0,1
483,icgrep,inline,unicode_property,empty,0,1,1,0
484,icgrep,inline,unicode_property,empty,0,1,1,1
485,icgrep,inline,unicode_property,empty,1,0,0,0
486,icgrep,inline,unicode_property,empty,1,0,1,0
487,icgrep,inline,unicode_property,empty,1,1,0,0
488,icgrep,inline,unicode_property,empty,1,1,1,0
489,icgrep,inline,unicode_property,no_match,0,0,0,0
490,icgrep,inline,unicode_property,no_match,0,0,0,1
491,icgrep,inline,unicode_property,no_match,0,0,1,0
492,icgrep,inline,unicode_property,no_match,0,0,1,1
493,icgrep,inline,unicode_property,no_match,0,1,0,0
494,icgrep,inline,unicode_property,no_match,0,1,0,1
495,icgrep,inline,unicode_property,no_match,0,1,1,0
496,icgrep,inline,unicode_property,no_match,0,1,1,1
497,icgrep,inline,unicode_property,no_match,1,0,0,0
498,icgrep,inline,unicode_property,no_match,1,0,1,0
499,icgrep,inline,unicode_property,no_match,1,1,0,0
500,icgrep,inline,unicode_property,no_match,1,1,1,0
501,icgrep,inline,unicode_property,one_match,0,0,0,0
502,icgrep,inline,unicode_property,one_match,0,0,0,1
503,icgrep,inline,unicode_property,one_match,0,0,1,0
504,icgrep,inline,unicode_property,one_match,0,0,1,1
505,icgrep,inline,unicode_property,one_match,0,1,0,0
506,icgrep,inline,unicode_property,one_match,0,1,0,1
507,icgrep,inline,unicode_property,one_match,0,1,1,0
508,icgrep,inline,unicode_property,one_match,0,1,1,1
509,icgrep,inline,unicode_property,one_match,1,0,0,0
510,icgrep,inline,unicode_property,one_match,1,0,1,0
511,icgrep,inline,unicode_property,one_match,1,1,0,0
512,icgrep,inline,unicode_property,one_match,1,1,1,0
513,icgrep,inline,unicode_property,many_match,0,0,0,0
514,icgrep,inline,unicode_property,many_match,0,0,0,1
515,icgrep,inline,unicode_property,many_match,0,0,1,0
516,icgrep,inline,unicode_property,many_match,0,0,1,1
517,icgrep,inline,unicode_property,many_match,0,1,0,0
518,icgrep,inline,unicode_property,many_match,0,1,0,1
519,icgrep,inline,unicode_property,many_match,0,1,1,0
520,icgrep,inline,unicode_property,many_match,0,1,1,1
521,icgrep,inline,unicode_property,many_match,1,0,0,0
522,icgrep,inline,unicode_property,many_match,1,0,1,0
523,icgrep,inline,unicode_property,many_match,1,1,0,0
524,icgrep,inline,unicode_property,many_match,1,1,1,0
525,icgrep,inline,unicode_property,unicode_content,0,0,0,0
526,icgrep,inline,unicode_property,unicode_content,0,0,0,1
527,icgrep,inline,unicode_property,unicode_content,0,0,1,0
528,icgrep,inline,unicode_property,unicode_content,0,0,1,1
529,icgrep,inline,unicode_property,unicode_content,0,1,0,0
530,icgrep,inline,unicode_property,unicode_content,0,1,0,1
531,icgrep,inline,unicode_property,unicode_content,0,1,1,0
532,icgrep,inline,unicode_property,unicode_content,0,1,1,1
533,icgrep,inline,unicode_property,unicode_content,1,0,0,0
534,icgrep,inline,unicode_property,unicode_content,1,0,1,0
535,icgrep,inline,unicode_property,unicode_content,1,1,0,0
536,icgrep,inline,unicode_property,unicode_content,1,1,1,0
537,icgrep,inline,unicode_property,missing_path,0,0,0,0
538,icgrep,inline,unicode_property,missing_path,0,0,1,0
539,icgrep,inline,unicode_property,missing_path,0,1,0,0
540,icgrep,inline,unicode_property,missing_path,0,1,1,0
541,icgrep,inline,unicode_property,missing_path,1,0,0,0
542,icgrep,inline,unicode_property,missing_path,1,0,1,0
543,icgrep,inline,unicode_property,missing_path,1,1,0,0
544,icgrep,inline,unicode_property,missing_path,1,1,1,0
545,icgrep,inline,empty,empty,0,0,0,0
546,icgrep,inline,empty,empty,0,0,0,1
547,icgrep,inline,empty,empty,0,0,1,0
548,icgrep,inline,empty,empty,0,0,1,1
549,icgrep,inline,empty,empty,0,1,0,0
550,icgrep,inline,empty,empty,0,1,0,1
551,icgrep,inline,empty,empty,0,1,1,0
552,icgrep,inline,empty,empty,0,1,1,1
553,icgrep,inline,empty,empty,1,0,0,0
554,icgrep,inline,empty,empty,1,0,1,0
555,icgrep,inline,empty,empty,1,1,0,0
556,icgrep,inline,empty,empty,1,1,1,0
557,icgrep,inline,empty,no_match,0,0,0,0
558,icgrep,inline,empty,no_match,0,0,0,1
559,icgrep,inline,empty,no_match,0,0,1,0
560,icgrep,inline,empty,no_match,0,0,1,1
561,icgrep,inline,empty,no_match,0,1,0,0
562,icgrep,inline,empty,no_match,0,1,0,1
563,icgrep,inline,empty,no_match,0,1,1,0
564,icgrep,inline,empty,no_match,0,1,1,1
565,icgrep,inline,empty,no_match,1,0,0,0
566,icgrep,inline,empty,no_match,1,0,1,0
567,icgrep,inline,empty,no_match,1,1,0,0
568,icgrep,inline,empty,no_match,1,1,1,0
569,icgrep,inline,empty,one_match,0,0,0,0
570,icgrep,inline,empty,one_match,0,0,0,1
571,icgrep,inline,empty,one_match,0,0,1,0
572,icgrep,inline,empty,one_match,0,0,1,1
573,icgrep,inline,empty,one_match,0,1,0,0
574,icgrep,inline,empty,one_match,0,1,0,1
575,icgrep,inline,empty,one_match,0,1,1,0
576,icgrep,inline,empty,one_match,0,1,1,1
577,icgrep,inline,empty,one_match,1,0,0,0
578,icgrep,inline,empty,one_match,1,0,1,0
579,icgrep,inline,empty,one_match,1,1,0,0
580,icgrep,inline,empty,one_match,1,1,1,0
581,icgrep,inline,empty,many_match,0,0,0,0
582,icgrep,inline,empty,many_match,0,0,0,1
583,icgrep,inline,empty,many_match,0,0,1,0
584,icgrep,inline,empty,many_match,0,0,1,1
585,icgrep,inline,empty,many_match,0,1,0,0
586,icgrep,inline,empty,many_match,0,1,0,1
587,icgrep,inline,empty,many_match,0,1,1,0
588,icgrep,inline,empty,many_match,0,1,1,1
589,icgrep,inline,empty,many_match,1,0,0,0
590,icgrep,inline,empty,many_match,1,0,1,0
591,icgrep,inline,empty,many_match,1,1,0,0
592,icgrep,inline,empty,many_match,1,1,1,0
593,icgrep,inline,empty,unicode_content,0,0,0,0
594,icgrep,inline,empty,unicode_content,0,0,0,1
595,icgrep,inline,empty,unicode_content,0,0,1,0
596,icgrep,inline,empty,unicode_content,0,0,1,1
597,icgrep,inline,empty,unicode_content,0,1,0,0
598,icgrep,inline,empty,unicode_content,0,1,0,1
599,icgrep,inline,empty,unicode_content,0,1,1,0
600,icgrep,inline,empty,unicode_content,0,1,1,1
601,icgrep,inline,empty,unicode_content,1,0,0,0
602,icgrep,inline,empty,unicode_content,1,0,1,0
603,icgrep,inline,empty,unicode_content,1,1,0,0
604,icgrep,inline,empty,unicode_content,1,1,1,0
605,icgrep,inline,empty,missing_path,0,0,0,0
606,icgrep,inline,empty,missing_path,0,0,1,0
607,icgrep,inline,empty,missing_path,0,1,0,0
608,icgrep,inline,empty,missing_path,0,1,1,0
609,icgrep,inline,empty,missing_path,1,0,0,0
610,icgrep,inline,empty,missing_path,1,0,1,0
611,icgrep,inline,empty,missing_path,1,1,0,0
612,icgrep,inline,empty,missing_path,1,1,1,0
613,icgrep,inline,invalid,empty,0,0,0,0
614,icgrep,inline,invalid,empty,0,0,0,1
615,icgrep,inline,invalid,empty,0,0,1,0
616,icgrep,inline,invalid,empty,0,0,1,1
617,icgrep,inline,invalid,empty,0,1,0,0
618,icgrep,inline,invalid,empty,0,1,0,1
619,icgrep,inline,invalid,empty,0,1,1,0
620,icgrep,inline,invalid,empty,0,1,1,1
621,icgrep,inline,invalid,empty,1,0,0,0
622,icgrep,inline,invalid,empty,1,0,1,0
623,icgrep,inline,invalid,empty,1,1,0,0
624,icgrep,inline,invalid,empty,1,1,1,0
625,icgrep,inline,invalid,no_match,0,0,0,0
626,icgrep,inline,invalid,no_match,0,0,0,1
627,icgrep,inline,invalid,no_match,0,0,1,0
628,icgrep,inline,invalid,no_match,0,0,1,1
629,icgrep,inline,invalid,no_match,0,1,0,0
630,icgrep,inline,invalid,no_match,0,1,0,1
631,icgrep,inline,invalid,no_match,0,1,1,0
632,icgrep,inline,invalid,no_match,0,1,1,1
633,icgrep,inline,invalid,no_match,1,0,0,0
634,icgrep,inline,invalid,no_match,1,0,1,0
635,icgrep,inline,invalid,no_match,1,1,0,0
636,icgrep,inline,invalid,no_match,1,1,1,0
637,icgrep,inline,invalid,one_match,0,0,0,0
638,icgrep,inline,invalid,one_match,0,0,0,1
639,icgrep,inline,invalid,one_match,0,0,1,0
640,icgrep,inline,invalid,one_match,0,0,1,1
641,icgrep,inline,invalid,one_match,0,1,0,0
642,icgrep,inline,invalid,one_match,0,1,0,1
643,icgrep,inline,invalid,one_match,0,1,1,0
644,icgrep,inline,invalid,one_match,0,1,1,1
645,icgrep,inline,invalid,one_match,1,0,0,0
646,icgrep,inline,invalid,one_match,1,0,1,0
647,icgrep,inline,invalid,one_match,1,1,0,0
648,icgrep,inline,invalid,one_match,1,1,1,0
649,icgrep,inline,invalid,many_match,0,0,0,0
650,icgrep,inline,invalid,many_match,0,0,0,1
651,icgrep,inline,invalid,many_match,0,0,1,0
652,icgrep,inline,invalid,many_match,0,0,1,1
653,icgrep,inline,invalid,many_match,0,1,0,0
654,icgrep,inline,invalid,many_match,0,1,0,1
655,icgrep,inline,invalid,many_match,0,1,1,0
656,icgrep,inline,invalid,many_match,0,1,1,1
657,icgrep,inline,invalid,many_match,1,0,0,0
658,icgrep,inline,invalid,many_match,1,0,1,0
659,icgrep,inline,invalid,many_match,1,1,0,0
660,icgrep,inline,invalid,many_match,1,1,1,0
661,icgrep,inline,invalid,unicode_content,0,0,0,0
662,icgrep,inline,invalid,unicode_content,0,0,0,1
663,icgrep,inline,invalid,unicode_content,0,0,1,0
664,icgrep,inline,invalid,unicode_content,0,0,1,1
665,icgrep,inline,invalid,unicode_content,0,1,0,0
666,icgrep,inline,invalid,unicode_content,0,1,0,1
667,icgrep,inline,invalid,unicode_content,0,1,1,0
668,icgrep,inline,invalid,unicode_content,0,1,1,1
669,icgrep,inline,invalid,unicode_content,1,0,0,0
670,icgrep,inline,invalid,unicode_content,1,0,1,0
671,icgrep,inline,invalid,unicode_content,1,1,0,0
672,icgrep,inline,invalid,unicode_content,1,1,1,0
673,icgrep,inline,invalid,missing_path,0,0,0,0
674,icgrep,inline,invalid,missing_path,0,0,1,0
675,icgrep,inline,invalid,missing_path,0,1,0,0
676,icgrep,inline,invalid,missing_path,0,1,1,0
677,icgrep,inline,invalid,missing_path,1,0,0,0
678,icgrep,inline,invalid,missing_path,1,0,1,0
679,icgrep,inline,invalid,missing_path,1,1,0,0
680,icgrep,inline,invalid,missing_path,1,1,1,0
681,icgrep,file_flag,literal,empty,0,0,0,0
682,icgrep,file_flag,literal,empty,0,0,0,1
683,icgrep,file_flag,literal,empty,0,0,1,0
684,icgrep,file_flag,literal,empty,0,0,1,1
685,icgrep,file_flag,literal,empty,0,1,0,0
686,icgrep,file_flag,literal,empty,0,1,0,1
687,icgrep,file_flag,literal,empty,0,1,1,0
688,icgrep,file_flag,literal,empty,0,1,1,1
689,icgrep,file_flag,literal,empty,1,0,0,0
690,icgrep,file_flag,literal,empty,1,0,1,0
691,icgrep,file_flag,literal,empty,1,1,0,0
692,icgrep,file_flag,literal,empty,1,1,1,0
693,icgrep,file_flag,literal,no_match,0,0,0,0
694,icgrep,file_flag,literal,no_match,0,0,0,1
695,icgrep,file_flag,literal,no_match,0,0,1,0
696,icgrep,file_flag,literal,no_match,0,0,1,1
697,icgrep,file_flag,literal,no_match,0,1,0,0
698,icgrep,file_flag,literal,no_match,0,1,0,1
699,icgrep,file_flag,literal,no_match,0,1,1,0
700,icgrep,file_flag,literal,no_match,0,1,1,1
701,icgrep,file_flag,literal,no_match,1,0,0,0
702,icgrep,file_flag,literal,no_match,1,0,1,0
703,icgrep,file_flag,literal,no_match,1,1,0,0
704,icgrep,file_flag,literal,no_match,1,1,1,0
705,icgrep,file_flag,literal,one_match,0,0,0,0
706,icgrep,file_flag,literal,one_match,0,0,0,1
707,icgrep,file_flag,literal,one_match,0,0,1,0
708,icgrep,file_flag,literal,one_match,0,0,1,1
709,icgrep,file_flag,literal,one_match,0,1,0,0
710,icgrep,file_flag,literal,one_match,0,1,0,1
711,icgrep,file_flag,literal,one_match,0,1,1,0
712,icgrep,file_flag,literal,one_match,0,1,1,1
713,icgrep,file_flag,literal,one_match,1,0,0,0
714,icgrep,file_flag,literal,one_match,1,0,1,0
715,icgrep,file_flag,literal,one_match,1,1,0,0
716,icgrep,file_flag,literal,one_match,1,1,1,0
717,icgrep,file_flag,literal,many_match,0,0,0,0
718,icgrep,file_flag,literal,many_match,0,0,0,1
719,icgrep,file_flag,literal,many_match,0,0,1,0
720,icgrep,file_flag,literal,many_match,0,0,1,1
721,icgrep,file_flag,literal,many_match,0,1,0,0
722,icgrep,file_flag,literal,many_match,0,1,0,1
723,icgrep,file_flag,literal,many_match,0,1,1,0
724,icgrep,file_flag,literal,many_match,0,1,1,1
725,icgrep,file_flag,literal,many_match,1,0,0,0
726,icgrep,file_flag,literal,many_match,1,0,1,0
727,icgrep,file_flag,literal,many_match,1,1,0,0
728,icgrep,file_flag,literal,many_match,1,1,1,0
729,icgrep,file_flag,literal,unicode_content,0,0,0,0
730,icgrep,file_flag,literal,unicode_content,0,0,0,1
731,icgrep,file_flag,literal,unicode_content,0,0,1,0
732,icgrep,file_flag,literal,unicode_content,0,0,1,1
733,icgrep,file_flag,literal,unicode_content,0,1,0,0
734,icgrep,file_flag,literal,unicode_content,0,1,0,1
735,icgrep,file_flag,literal,unicode_content,0,1,1,0
736,icgrep,file_flag,literal,unicode_content,0,1,1,1
737,icgrep,file_flag,literal,unicode_content,1,0,0,0
738,icgrep,file_flag,literal,unicode_content,1,0,1,0
739,icgrep,file_flag,literal,unicode_content,1,1,0,0
740,icgrep,file_flag,literal,unicode_content,1,1,1,0
741,icgrep,file_flag,literal,missing_path,0,0,0,0
742,icgrep,file_flag,literal,missing_path,0,0,1,0
743,icgrep,file_flag,literal,missing_path,0,1,0,0
744,icgrep,file_flag,literal,missing_path,0,1,1,0
745,icgrep,file_flag,literal,missing_path,1,0,0,0
746,icgrep,file_flag,literal,missing_path,1,0,1,0
747,icgrep,file_flag,literal,missing_path,1,1,0,0
748,icgrep,file_flag,literal,missing_path,1,1,1,0
749,icgrep,file_flag,char_class,empty,0,0,0,0
750,icgrep,file_flag,char_class,empty,0,0,0,1
751,icgrep,file_flag,char_class,empty,0,0,1,0
752,icgrep,file_flag,char_class,empty,0,0,1,1
753,icgrep,file_flag,char_class,empty,0,1,0,0
754,icgrep,file_flag,char_class,empty,0,1,0,1
755,icgrep,file_flag,char_class,empty,0,1,1,0
756,icgrep,file_flag,char_class,empty,0,1,1,1
757,icgrep,file_flag,char_class,empty,1,0,0,0
758,icgrep,file_flag,char_class,empty,1,0,1,0
759,icgrep,file_flag,char_class,empty,1,1,0,0
760,icgrep,file_flag,char_class,empty,1,1,1,0
761,icgrep,file_flag,char_class,no_match,0,0,0,0
762,icgrep,file_flag,char_class,no_match,0,0,0,1
763,icgrep,file_flag,char_class,no_match,0,0,1,0
764,icgrep,file_flag,char_class,no_match,0,0,1,1
765,icgrep,file_flag,char_class,no_match,0,1,0,0
766,icgrep,file_flag,char_class,no_match,0,1,0,1
767,icgrep,file_flag,char_class,no_match,0,1,1,0
768,icgrep,file_flag,char_class,no_match,0,1,1,1
769,icgrep,file_flag,char_class,no_match,1,0,0,0
770,icgrep,file_flag,char_class,no_match,1,0,1,0
771,icgrep,file_flag,char_class,no_match,1,1,0,0
772,icgrep,file_flag,char_class,no_match,1,1,1,0
773,icgrep,file_flag,char_class,one_match,0,0,0,0
774,icgrep,file_flag,char_class,one_match,0,0,0,1
775,icgrep,file_flag,char_class,one_match,0,0,1,0
776,icgrep,file_flag,char_class,one_match,0,0,1,1
777,icgrep,file_flag,char_class,one_match,0,1,0,0
778,icgrep,file_flag,char_class,one_match,0,1,0,1
779,icgrep,file_flag,char_class,one_match,0,1,1,0
780,icgrep,file_flag,char_class,one_match,0,1,1,1
781,icgrep,file_flag,char_class,one_match,1,0,0,0
782,icgrep,file_flag,char_class,one_match,1,0,1,0
783,icgrep,file_flag,char_class,one_match,1,1,0,0
784,icgrep,file_flag,char_class,one_match,1,1,1,0
785,icgrep,file_flag,char_class,many_match,0,0,0,0
786,icgrep,file_flag,char_class,many_match,0,0,0,1
787,icgrep,file_flag,char_class,many_match,0,0,1,0
788,icgrep,file_flag,char_class,many_match,0,0,1,1
789,icgrep,file_flag,char_class,many_match,0,1,0,0
790,icgrep,file_flag,char_class,many_match,0,1,0,1
791,icgrep,file_flag,char_class,many_match,0,1,1,0
792,icgrep,file_flag,char_class,many_match,0,1,1,1
793,icgrep,file_flag,char_class,many_match,1,0,0,0
794,icgrep,file_flag,char_class,many_match,1,0,1,0
795,icgrep,file_flag,char_class,many_match,1,1,0,0
796,icgrep,file_flag,char_class,many_match,1,1,1,0
797,icgrep,file_flag,char_class,unicode_content,0,0,0,0
798,icgrep,file_flag,char_class,unicode_content,0,0,0,1
799,icgrep,file_flag,char_class,unicode_content,0,0,1,0
800,icgrep,file_flag,char_class,unicode_content,0,0,1,1
801,icgrep,file_flag,char_class,unicode_content,0,1,0,0
802,icgrep,file_flag,char_class,unicode_content,0,1,0,1
803,icgrep,file_flag,char_class,unicode_content,0,1,1,0
804,icgrep,file_flag,char_class,unicode_content,0,1,1,1
805,icgrep,file_flag,char_class,unicode_content,1,0,0,0
806,icgrep,file_flag,char_class,unicode_content,1,0,1,0
807,icgrep,file_flag,char_class,unicode_content,1,1,0,0
808,icgrep,file_flag,char_class,unicode_content,1,1,1,0
809,icgrep,file_flag,char_class,missing_path,0,0,0,0
810,icgrep,file_flag,char_class,missing_path,0,0,1,0
811,icgrep,file_flag,char_class,missing_path,0,1,0,0
812,icgrep,file_flag,char_class,missing_path,0,1,1,0
813,icgrep,file_flag,char_class,missing_path,1,0,0,0
814,icgrep,file_flag,char_class,missing_path,1,0,1,0
815,icgrep,file_flag,char_class,missing_path,1,1,0,0
816,icgrep,file_flag,char_class,missing_path,1,1,1,0
817,icgrep,file_flag,negated_class,empty,0,0,0,0
818,icgrep,file_flag,negated_class,empty,0,0,0,1
819,icgrep,file_flag,negated_class,empty,0,0,1,0
820,icgrep,file_flag,negated_class,empty,0,0,1,1
821,icgrep,file_flag,negated_class,empty,0,1,0,0
822,icgrep,file_flag,negated_class,empty,0,1,0,1
823,icgrep,file_flag,negated_class,empty,0,1,1,0
824,icgrep,file_flag,negated_class,empty,0,1,1,1
825,icgrep,file_flag,negated_class,empty,1,0,0,0
826,icgrep,file_flag,negated_class,empty,1,0,1,0
827,icgrep,file_flag,negated_class,empty,1,1,0,0
828,icgrep,file_flag,negated_class,empty,1,1,1,0
829,icgrep,file_flag,negated_class,no_match,0,0,0,0
830,icgrep,file_flag,negated_class,no_match,0,0,0,1
831,icgrep,file_flag,negated_class,no_match,0,0,1,0
832,icgrep,file_flag,negated_class,no_match,0,0,1,1
833,icgrep,file_flag,negated_class,no_match,0,1,0,0
834,icgrep,file_flag,negated_class,no_match,0,1,0,1
835,icgrep,file_flag,negated_class,no_match,0,1,1,0
836,icgrep,file_flag,negated_class,no_match,0,1,1,1
837,icgrep,file_flag,negated_class,no_match,1,0,0,0
838,icgrep,file_flag,negated_class,no_match,1,0,1,0
839,icgrep,file_flag,negated_class,no_match,1,1,0,0
840,icgrep,file_flag,negated_class,no_match,1,1,1,0
841,icgrep,file_flag,negated_class,one_match,0,0,0,0
842,icgrep,file_flag,negated_class,one_match,0,0,0,1
843,icgrep,file_flag,negated_class,one_match,0,0,1,0
844,icgrep,file_flag,negated_class,one_match,0,0,1,1
845,icgrep,file_flag,negated_class,one_match,0,1,0,0
846,icgrep,file_flag,negated_class,one_match,0,1,0,1
847,icgrep,file_flag,negated_class,one_match,0,1,1,0
848,icgrep,file_flag,negated_class,one_match,0,1,1,1
849,icgrep,file_flag,negated_class,one_match,1,0,0,0
850,icgrep,file_flag,negated_class,one_match,1,0,1,0
851,icgrep,file_flag,negated_class,one_match,1,1,0,0
852,icgrep,file_flag,negated_class,one_match,1,1,1,0
853,icgrep,file_flag,negated_class,many_match,0,0,0,0
854,icgrep,file_flag,negated_class,many_match,0,0,0,1
855,icgrep,file_flag,negated_class,many_match,0,0,1,0
856,icgrep,file_flag,negated_class,many_match,0,0,1,1
857,icgrep,file_flag,negated_class,many_match,0,1,0,0
858,icgrep,file_flag,negated_class,many_match,0,1,0,1
859,icgrep,file_flag,negated_class,many_match,0,1,1,0
860,icgrep,file_flag,negated_class,many_match,0,1,1,1
861,icgrep,file_flag,negated_class,many_match,1,0,0,0
862,icgrep,file_flag,negated_class,many_match,1,0,1,0
863,icgrep,file_flag,negated_class,many_match,1,1,0,0
864,icgrep,file_flag,negated_class,many_match,1,1,1,0
865,icgrep,file_flag,negated_class,unicode_content,0,0,0,0
866,icgrep,file_flag,negated_class,unicode_content,0,0,0,1
867,icgrep,file_flag,negated_class,unicode_content,0,0,1,0
868,icgrep,file_flag,negated_class,unicode_content,0,0,1,1
869,icgrep,file_flag,negated_class,unicode_content,0,1,0,0
870,icgrep,file_flag,negated_class,unicode_content,0,1,0,1
871,icgrep,file_flag,negated_class,unicode_content,0,1,1,0
872,icgrep,file_flag,negated_class,unicode_content,0,1,1,1
873,icgrep,file_flag,negated_class,unicode_content,1,0,0,0
874,icgrep,file_flag,negated_class,unicode_content,1,0,1,0
875,icgrep,file_flag,negated_class,unicode_content,1,1,0,0
876,icgrep,file_flag,negated_class,unicode_content,1,1,1,0
877,icgrep,file_flag,negated_class,missing_path,0,0,0,0
878,icgrep,file_flag,negated_class,missing_path,0,0,1,0
879,icgrep,file_flag,negated_class,missing_path,0,1,0,0
880,icgrep,file_flag,negated_class,missing_path,0,1,1,0
881,icgrep,file_flag,negated_class,missing_path,1,0,0,0
882,icgrep,file_flag,negated_class,missing_path,1,0,1,0
883,icgrep,file_flag,negated_class,missing_path,1,1,0,0
884,icgrep,file_flag,negated_class,missing_path,1,1,1,0
885,icgrep,file_flag,anchor_start,empty,0,0,0,0
886,icgrep,file_flag,anchor_start,empty,0,0,0,1
887,icgrep,file_flag,anchor_start,empty,0,0,1,0
888,icgrep,file_flag,anchor_start,empty,0,0,1,1
889,icgrep,file_flag,anchor_start,empty,0,1,0,0
890,icgrep,file_flag,anchor_start,empty,0,1,0,1
891,icgrep,file_flag,anchor_start,empty,0,1,1,0
892,icgrep,file_flag,anchor_start,empty,0,1,1,1
893,icgrep,file_flag,anchor_start,empty,1,0,0,0
894,icgrep,file_flag,anchor_start,empty,1,0,1,0
895,icgrep,file_flag,anchor_start,empty,1,1,0,0
896,icgrep,file_flag,anchor_start,empty,1,1,1,0
897,icgrep,file_flag,anchor_start,no_match,0,0,0,0
898,icgrep,file_flag,anchor_start,no_match,0,0,0,1
899,icgrep,file_flag,anchor_start,no_match,0,0,1,0
900,icgrep,file_flag,anchor_start,no_match,0,0,1,1
901,icgrep,file_flag,anchor_start,no_match,0,1,0,0
902,icgrep,file_flag,anchor_start,no_match,0,1,0,1
903,icgrep,file_flag,anchor_start,no_match,0,1,1,0
904,icgrep,file_flag,anchor_start,no_match,0,1,1,1
905,icgrep,file_flag,anchor_start,no_match,1,0,0,0
906,icgrep,file_flag,anchor_start,no_match,1,0,1,0
907,icgrep,file_flag,anchor_start,no_match,1,1,0,0
908,icgrep,file_flag,anchor_start,no_match,1,1,1,0
909,icgrep,file_flag,anchor_start,one_match,0,0,0,0
910,icgrep,file_flag,anchor_start,one_match,0,0,0,1
911,icgrep,file_flag,anchor_start,one_match,0,0,1,0
912,icgrep,file_flag,anchor_start,one_match,0,0,1,1
913,icgrep,file_flag,anchor_start,one_match,0,1,0,0
914,icgrep,file_flag,anchor_start,one_match,0,1,0,1
915,icgrep,file_flag,anchor_start,one_match,0,1,1,0
916,icgrep,file_flag,anchor_start,one_match,0,1,1,1
917,icgrep,file_flag,anchor_start,one_match,1,0,0,0
918,icgrep,file_flag,anchor_start,one_match,1,0,1,0
919,icgrep,file_flag,anchor_start,one_match,1,1,0,0
920,icgrep,file_flag,anchor_start,one_match,1,1,1,0
921,icgrep,file_flag,anchor_start,many_match,0,0,0,0
922,icgrep,file_flag,anchor_start,many_match,0,0,0,1
923,icgrep,file_flag,anchor_start,many_match,0,0,1,0
924,icgrep,file_flag,anchor_start,many_match,0,0,1,1
925,icgrep,file_flag,anchor_start,many_match,0,1,0,0
926,icgrep,file_flag,anchor_start,many_match,0,1,0,1
927,icgrep,file_flag,anchor_start,many_match,0,1,1,0
928,icgrep,file_flag,anchor_start,many_match,0,1,1,1
929,icgrep,file_flag,anchor_start,many_match,1,0,0,0
930,icgrep,file_flag,anchor_start,many_match,1,0,1,0
931,icgrep,file_flag,anchor_start,many_match,1,1,0,0
932,icgrep,file_flag,anchor_start,many_match,1,1,1,0
933,icgrep,file_flag,anchor_start,unicode_content,0,0,0,0
934,icgrep,file_flag,anchor_start,unicode_content,0,0,0,1
935,icgrep,file_flag,anchor_start,unicode_content,0,0,1,0
936,icgrep,file_flag,anchor_start,unicode_content,0,0,1,1
937,icgrep,file_flag,anchor_start,unicode_content,0,1,0,0
938,icgrep,file_flag,anchor_start,unicode_content,0,1,0,1
939,icgrep,file_flag,anchor_start,unicode_content,0,1,1,0
940,icgrep,file_flag,anchor_start,unicode_content,0,1,1,1
941,icgrep,file_flag,anchor_start,unicode_content,1,0,0,0
942,icgrep,file_flag,anchor_start,unicode_content,1,0,1,0
943,icgrep,file_flag,anchor_start,unicode_content,1,1,0,0
944,icgrep,file_flag,anchor_start,unicode_content,1,1,1,0
945,icgrep,file_flag,anchor_start,missing_path,0,0,0,0
946,icgrep,file_flag,anchor_start,missing_path,0,0,1,0
947,icgrep,file_flag,anchor_start,missing_path,0,1,0,0
948,icgrep,file_flag,anchor_start,missing_path,0,1,1,0
949,icgrep,file_flag,anchor_start,missing_path,1,0,0,0
950,icgrep,file_flag,anchor_start,missing_path,1,0,1,0
951,icgrep,file_flag,anchor_start,missing_path,1,1,0,0
952,icgrep,file_flag,anchor_start,missing_path,1,1,1,0
953,icgrep,file_flag,anchor_end,empty,0,0,0,0
954,icgrep,file_flag,anchor_end,empty,0,0,0,1
955,icgrep,file_flag,anchor_end,empty,0,0,1,0
956,icgrep,file_flag,anchor_end,empty,0,0,1,1
957,icgrep,file_flag,anchor_end,empty,0,1,0,0
958,icgrep,file_flag,anchor_end,empty,0,1,0,1
959,icgrep,file_flag,anchor_end,empty,0,1,1,0
960,icgrep,file_flag,anchor_end,empty,0,1,1,1
961,icgrep,file_flag,anchor_end,empty,1,0,0,0
962,icgrep,file_flag,anchor_end,empty,1,0,1,0
963,icgrep,file_flag,anchor_end,empty,1,1,0,0
964,icgrep,file_flag,anchor_end,empty,1,1,1,0
965,icgrep,file_flag,anchor_end,no_match,0,0,0,0
966,icgrep,file_flag,anchor_end,no_match,0,0,0,1
967,icgrep,file_flag,anchor_end,no_match,0,0,1,0
968,icgrep,file_flag,anchor_end,no_match,0,0,1,1
969,icgrep,file_flag,anchor_end,no_match,0,1,0,0
970,icgrep,file_flag,anchor_end,no_match,0,1,0,1
971,icgrep,file_flag,anchor_end,no_match,0,1,1,0
972,icgrep,file_flag,anchor_end,no_match,0,1,1,1
973,icgrep,file_flag,anchor_end,no_match,1,0,0,0
974,icgrep,file_flag,anchor_end,no_match,1,0,1,0
975,icgrep,file_flag,anchor_end,no_match,1,1,0,0
976,icgrep,file_flag,anchor_end,no_match,1,1,1,0
977,icgrep,file_flag,anchor_end,one_match,0,0,0,0
978,icgrep,file_flag,anchor_end,one_match,0,0,0,1
979,icgrep,file_flag,anchor_end,one_match,0,0,1,0
980,icgrep,file_flag,anchor_end,one_match,0,0,1,1
981,icgrep,file_flag,anchor_end,one_match,0,1,0,0
982,icgrep,file_flag,anchor_end,one_match,0,1,0,1
983,icgrep,file_flag,anchor_end,one_match,0,1,1,0
984,icgrep,file_flag,anchor_end,one_match,0,1,1,1
985,icgrep,file_flag,anchor_end,one_match,1,0,0,0
986,icgrep,file_flag,anchor_end,one_match,1,0,1,0
987,icgrep,file_flag,anchor_end,one_match,1,1,0,0
988,icgrep,file_flag,anchor_end,one_match,1,1,1,0
989,icgrep,file_flag,anchor_end,many_match,0,0,0,0
990,icgrep,file_flag,anchor_end,many_match,0,0,0,1
991,icgrep,file_flag,anchor_end,many_match,0,0,1,0
992,icgrep,file_flag,anchor_end,many_match,0,0,1,1
993,icgrep,file_flag,anchor_end,many_match,0,1,0,0
994,icgrep,file_flag,anchor_end,many_match,0,1,0,1
995,icgrep,file_flag,anchor_end,many_match,0,1,1,0
996,icgrep,file_flag,anchor_end,many_match,0,1,1,1
997,icgrep,file_flag,anchor_end,many_match,1,0,0,0
998,icgrep,file_flag,anchor_end,many_match,1,0,1,0
999,icgrep,file_flag,anchor_end,many_match,1,1,0,0
1000,icgrep,file_flag,anchor_end,many_match,1,1,1,0
1001,icgrep,file_flag,anchor_end,unicode_content,0,0,0,0
1002,icgrep,file_flag,anchor_end,unicode_content,0,0,0,1
1003,icgrep,file_flag,anchor_end,unicode_content,0,0,1,0
1004,icgrep,file_flag,anchor_end,unicode_content,0,0,1,1
1005,icgrep,file_flag,anchor_end,unicode_content,0,1,0,0
1006,icgrep,file_flag,anchor_end,unicode_content,0,1,0,1
1007,icgrep,file_flag,anchor_end,unicode_content,0,1,1,0
1008,icgrep,file_flag,anchor_end,unicode_content,0,1,1,1
1009,icgrep,file_flag,anchor_end,unicode_content,1,0,0,0
1010,icgrep,file_flag,anchor_end,unicode_content,1,0,1,0
1011,icgrep,file_flag,anchor_end,unicode_content,1,1,0,0
1012,icgrep,file_flag,anchor_end,unicode_content,1,1,1,0
1013,icgrep,file_flag,anchor_end,missing_path,0,0,0,0
1014,icgrep,file_flag,anchor_end,missing_path,0,0,1,0
1015,icgrep,file_flag,anchor_end,missing_path,0,1,0,0
1016,icgrep,file_flag,anchor_end,missing_path,0,1,1,0
1017,icgrep,file_flag,anchor_end,missing_path,1,0,0,0
1018,icgrep,file_flag,anchor_end,missing_path,1,0,1,0
1019,icgrep,file_flag,anchor_end,missing_path,1,1,0,0
1020,icgrep,file_flag,anchor_end,missing_path,1,1,1,0
1021,icgrep,file_flag,alternation,empty,0,0,0,0
1022,icgrep,file_flag,alternation,empty,0,0,0,1
1023,icgrep,file_flag,alternation,empty,0,0,1,0
1024,icgrep,file_flag,alternation,empty,0,0,1,1
1025,icgrep,file_flag,alternation,empty,0,1,0,0
1026,icgrep,file_flag,alternation,empty,0,1,0,1
1027,icgrep,file_flag,alternation,empty,0,1,1,0
1028,icgrep,file_flag,alternation,empty,0,1,1,1
1029,icgrep,file_flag,alternation,empty,1,0,0,0
1030,icgrep,file_flag,alternation,empty,1,0,1,0
1031,icgrep,file_flag,alternation,empty,1,1,0,0
1032,icgrep,file_flag,alternation,empty,1,1,1,0
1033,icgrep,file_flag,alternation,no_match,0,0,0,0
1034,icgrep,file_flag,alternation,no_match,0,0,0,1
1035,icgrep,file_flag,alternation,no_match,0,0,1,0
1036,icgrep,file_flag,alternation,no_match,0,0,1,1
1037,icgrep,file_flag,alternation,no_match,0,1,0,0
1038,icgrep,file_flag,alternation,no_match,0,1,0,1
1039,icgrep,file_flag,alternation,no_match,0,1,1,0
1040,icgrep,file_flag,alternation,no_match,0,1,1,1
1041,icgrep,file_flag,alternation,no_match,1,0,0,0
1042,icgrep,file_flag,alternation,no_match,1,0,1,0
1043,icgrep,file_flag,alternation,no_match,1,1,0,0
1044,icgrep,file_flag,alternation,no_match,1,1,1,0
1045,icgrep,file_flag,alternation,one_match,0,0,0,0
1046,icgrep,file_flag,alternation,one_match,0,0,0,1
1047,icgrep,file_flag,alternation,one_match,0,0,1,0
1048,icgrep,file_flag,alternation,one_match,0,0,1,1
1049,icgrep,file_flag,alternation,one_match,0,1,0,0
1050,icgrep,file_flag,alternation,one_match,0,1,0,1
1051,icgrep,file_flag,alternation,one_match,0,1,1,0
1052,icgrep,file_flag,alternation,one_match,0,1,1,1
1053,icgrep,file_flag,alternation,one_match,1,0,0,0
1054,icgrep,file_flag,alternation,one_match,1,0,1,0
1055,icgrep,file_flag,alternation,one_match,1,1,0,0
1056,icgrep,file_flag,alternation,one_match,1,1,1,0
1057,icgrep,file_flag,alternation,many_match,0,0,0,0
1058,icgrep,file_flag,alternation,many_match,0,0,0,1
1059,icgrep,file_flag,alternation,many_match,0,0,1,0
1060,icgrep,file_flag,alternation,many_match,0,0,1,1
1061,icgrep,file_flag,alternation,many_match,0,1,0,0
1062,icgrep,file_flag,alternation,many_match,0,1,0,1
1063,icgrep,file_flag,alternation,many_match,0,1,1,0
1064,icgrep,file_flag,alternation,many_match,0,1,1,1
1065,icgrep,file_flag,alternation,many_match,1,0,0,0
1066,icgrep,file_flag,alternation,many_match,1,0,1,0
1067,icgrep,file_flag,alternation,many_match,1,1,0,0
1068,icgrep,file_flag,alternation,many_match,1,1,1,0
1069,icgrep,file_flag,alternation,unicode_content,0,0,0,0
1070,icgrep,file_flag,alternation,unicode_content,0,0,0,1
1071,icgrep,file_flag,alternation,unicode_content,0,0,1,0
1072,icgrep,file_flag,alternation,unicode_content,0,0,1,1
1073,icgrep,file_flag,alternation,unicode_content,0,1,0,0
1074,icgrep,file_flag,alternation,unicode_content,0,1,0,1
1075,icgrep,file_flag,alternation,unicode_content,0,1,1,0
1076,icgrep,file_flag,alternation,unicode_content,0,1,1,1
1077,icgrep,file_flag,alternation,unicode_content,1,0,0,0
1078,icgrep,file_flag,alternation,unicode_content,1,0,1,0
1079,icgrep,file_flag,alternation,unicode_content,1,1,0,0
1080,icgrep,file_flag,alternation,unicode_content,1,1,1,0
1081,icgrep,file_flag,alternation,missing_path,0,0,0,0
1082,icgrep,file_flag,alternation,missing_path,0,0,1,0
1083,icgrep,file_flag,alternation,missing_path,0,1,0,0
1084,icgrep,file_flag,alternation,missing_path,0,1,1,0
1085,icgrep,file_flag,alternation,missing_path,1,0,0,0
1086,icgrep,file_flag,alternation,missing_path,1,0,1,0
1087,icgrep,file_flag,alternation,missing_path,1,1,0,0
1088,icgrep,file_flag,alternation,missing_path,1,1,1,0
1089,icgrep,file_flag,repetition,empty,0,0,0,0
1090,icgrep,file_flag,repetition,empty,0,0,0,1
1091,icgrep,file_flag,repetition,empty,0,0,1,0
1092,icgrep,file_flag,repetition,empty,0,0,1,1
1093,icgrep,file_flag,repetition,empty,0,1,0,0
1094,icgrep,file_flag,repetition,empty,0,1,0,1
1095,icgrep,file_flag,repetition,empty,0,1,1,0
1096,icgrep,file_flag,repetition,empty,0,1,1,1
1097,icgrep,file_flag,repetition,empty,1,0,0,0
1098,icgrep,file_flag,repetition,empty,1,0,1,0
1099,icgrep,file_flag,repetition,empty,1,1,0,0
1100,icgrep,file_flag,repetition,empty,1,1,1,0
1101,icgrep,file_flag,repetition,no_match,0,0,0,0
1102,icgrep,file_flag,repetition,no_match,0,0,0,1
1103,icgrep,file_flag,repetition,no_match,0,0,1,0
1104,icgrep,file_flag,repetition,no_match,0,0,1,1
1105,icgrep,file_flag,repetition,no_match,0,1,0,0
1106,icgrep,file_flag,repetition,no_match,0,1,0,1
1107,icgrep,file_flag,repetition,no_match,0,1,1,0
1108,icgrep,file_flag,repetition,no_match,0,1,1,1
1109,icgrep,file_flag,repetition,no_match,1,0,0,0
1110,icgrep,file_flag,repetition,no_match,1,0,1,0
1111,icgrep,file_flag,repetition,no_match,1,1,0,0
1112,icgrep,file_flag,repetition,no_match,1,1,1,0
1113,icgrep,file_flag,repetition,one_match,0,0,0,0
1114,icgrep,file_flag,repetition,one_match,0,0,0,1
1115,icgrep,file_flag,repetition,one_match,0,0,1,0
1116,icgrep,file_flag,repetition,one_match,0,0,1,1
1117,icgrep,file_flag,repetition,one_match,0,1,0,0
1118,icgrep,file_flag,repetition,one_match,0,1,0,1
1119,icgrep,file_flag,repetition,one_match,0,1,1,0
1120,icgrep,file_flag,repetition,one_match,0,1,1,1
1121,icgrep,file_flag,repetition,one_match,1,0,0,0
1122,icgrep,file_flag,repetition,one_match,1,0,1,0
1123,icgrep,file_flag,repetition,one_match,1,1,0,0
1124,icgrep,file_flag,repetition,one_match,1,1,1,0
1125,icgrep,file_flag,repetition,many_match,0,0,0,0
1126,icgrep,file_flag,repetition,many_match,0,0,0,1
1127,icgrep,file_flag,repetition,many_match,0,0,1,0
1128,icgrep,file_flag,repetition,many_match,0,0,1,1
1129,icgrep,file_flag,repetition,many_match,0,1,0,0
1130,icgrep,file_flag,repetition,many_match,0,1,0,1
1131,icgrep,file_flag,repetition,many_match,0,1,1,0
1132,icgrep,file_flag,repetition,many_match,0,1,1,1
1133,icgrep,file_flag,repetition,many_match,1,0,0,0
1134,icgrep,file_flag,repetition,many_match,1,0,1,0
1135,icgrep,file_flag,repetition,many_match,1,1,0,0
1136,icgrep,file_flag,repetition,many_match,1,1,1,0
1137,icgrep,file_flag,repetition,unicode_content,0,0,0,0
1138,icgrep,file_flag,repetition,unicode_content,0,0,0,1
1139,icgrep,file_flag,repetition,unicode_content,0,0,1,0
1140,icgrep,file_flag,repetition,unicode_content,0,0,1,1
1141,icgrep,file_flag,repetition,unicode_content,0,1,0,0
1142,icgrep,file_flag,repetition,unicode_content,0,1,0,1
1143,icgrep,file_flag,repetition,unicode_content,0,1,1,0
1144,icgrep,file_flag,repetition,unicode_content,0,1,1,1
1145,icgrep,file_flag,repetition,unicode_content,1,0,0,0
1146,icgrep,file_flag,repetition,unicode_content,1,0,1,0
1147,icgrep,file_flag,repetition,unicode_content,1,1,0,0
1148,icgrep,file_flag,repetition,unicode_content,1,1,1,0
1149,icgrep,file_flag,repetition,missing_path,0,0,0,0
1150,icgrep,file_flag,repetition,missing_path,0,0,1,0
1151,icgrep,file_flag,repetition,missing_path,0,1,0,0
1152,icgrep,file_flag,repetition,missing_path,0,1,1,0
1153,icgrep,file_flag,repetition,missing_path,1,0,0,0
1154,icgrep,file_flag,repetition,missing_path,1,0,1,0
1155,icgrep,file_flag,repetition,missing_path,1,1,0,0
1156,icgrep,file_flag,repetition,missing_path,1,1,1,0
1157,icgrep,file_flag,unicode_property,empty,0,0,0,0
1158,icgrep,file_flag,unicode_property,empty,0,0,0,1
1159,icgrep,file_flag,unicode_property,empty,0,0,1,0
1160,icgrep,file_flag,unicode_property,empty,0,0,1,1
1161,icgrep,file_flag,unicode_property,empty,0,1,0,0
1162,icgrep,file_flag,unicode_property,empty,0,1,0,1
1163,icgrep,file_flag,unicode_property,empty,0,1,1,0
1164,icgrep,file_flag,unicode_property,empty,0,1,1,1
1165,icgrep,file_flag,unicode_property,empty,1,0,0,0
1166,icgrep,file_flag,unicode_property,empty,1,0,1,0
1167,icgrep,file_flag,unicode_property,empty,1,1,0,0
1168,icgrep,file_flag,unicode_property,empty,1,1,1,0
1169,icgrep,file_flag,unicode_property,no_match,0,0,0,0
1170,icgrep,file_flag,unicode_property,no_match,0,0,0,1
1171,icgrep,file_flag,unicode_property,no_match,0,0,1,0
1172,icgrep,file_flag,unicode_property,no_match,0,0,1,1
1173,icgrep,file_flag,unicode_property,no_match,0,1,0,0
1174,icgrep,file_flag,unicode_property,no_match,0,1,0,1
1175,icgrep,file_flag,unicode_property,no_match,0,1,1,0
1176,icgrep,file_flag,unicode_property,no_match,0,1,1,1
1177,icgrep,file_flag,unicode_property,no_match,1,0,0,0
1178,icgrep,file_flag,unicode_property,no_match,1,0,1,0
1179,icgrep,file_flag,unicode_property,no_match,1,1,0,0
1180,icgrep,file_flag,unicode_property,no_match,1,1,1,0
1181,icgrep,file_flag,unicode_property,one_match,0,0,0,0
1182,icgrep,file_flag,unicode_property,one_match,0,0,0,1
1183,icgrep,file_flag,unicode_property,one_match,0,0,1,0
1184,icgrep,file_flag,unicode_property,one_match,0,0,1,1
1185,icgrep,file_flag,unicode_property,one_match,0,1,0,0
1186,icgrep,file_flag,unicode_property,one_match,0,1,0,1
1187,icgrep,file_flag,unicode_property,one_match,0,1,1,0
1188,icgrep,file_flag,unicode_property,one_match,0,1,1,1
1189,icgrep,file_flag,unicode_property,one_match,1,0,0,0
1190,icgrep,file_flag,unicode_property,one_match,1,0,1,0
1191,icgrep,file_flag,unicode_property,one_match,1,1,0,0
1192,icgrep,file_flag,unicode_property,one_match,1,1,1,0
1193,icgrep,file_flag,unicode_property,many_match,0,0,0,0
1194,icgrep,file_flag,unicode_property,many_match,0,0,0,1
1195,icgrep,file_flag,unicode_property,many_match,0,0,1,0
1196,icgrep,file_flag,unicode_property,many_match,0,0,1,1
1197,icgrep,file_flag,unicode_property,many_match,0,1,0,0
1198,icgrep,file_flag,unicode_property,many_match,0,1,0,1
1199,icgrep,file_flag,unicode_property,many_match,0,1,1,0
1200,icgrep,file_flag,unicode_property,many_match,0,1,1,1
1201,icgrep,file_flag,unicode_property,many_match,1,0,0,0
1202,icgrep,file_flag,unicode_property,many_match,1,0,1,0
1203,icgrep,file_flag,unicode_property,many_match,1,1,0,0
1204,icgrep,file_flag,unicode_property,many_match,1,1,1,0
1205,icgrep,file_flag,unicode_property,unicode_content,0,0,0,0
1206,icgrep,file_flag,unicode_property,unicode_content,0,0,0,1
1207,icgrep,file_flag,unicode_property,unicode_content,0,0,1,0
1208,icgrep,file_flag,unicode_property,unicode_content,0,0,1,1
1209,icgrep,file_flag,unicode_property,unicode_content,0,1,0,0
1210,icgrep,file_flag,unicode_property,unicode_content,0,1,0,1
1211,icgrep,file_flag,unicode_property,unicode_content,0,1,1,0
1212,icgrep,file_flag,unicode_property,unicode_content,0,1,1,1
1213,icgrep,file_flag,unicode_property,unicode_content,1,0,0,0
1214,icgrep,file_flag,unicode_property,unicode_content,1,0,1,0
1215,icgrep,file_flag,unicode_property,unicode_content,1,1,0,0
1216,icgrep,file_flag,unicode_property,unicode_content,1,1,1,0
1217,icgrep,file_flag,unicode_property,missing_path,0,0,0,0
1218,icgrep,file_flag,unicode_property,missing_path,0,0,1,0
1219,icgrep,file_flag,unicode_property,missing_path,0,1,0,0
1220,icgrep,file_flag,unicode_property,missing_path,0,1,1,0
1221,icgrep,file_flag,unicode_property,missing_path,1,0,0,0
1222,icgrep,file_flag,unicode_property,missing_path,1,0,1,0
1223,icgrep,file_flag,unicode_property,missing_path,1,1,0,0
1224,icgrep,file_flag,unicode_property,missing_path,1,1,1,0
1225,icgrep,file_flag,empty,empty,0,0,0,0
1226,icgrep,file_flag,empty,empty,0,0,0,1
1227,icgrep,file_flag,empty,empty,0,0,1,0
1228,icgrep,file_flag,empty,empty,0,0,1,1
1229,icgrep,file_flag,empty,empty,0,1,0,0
1230,icgrep,file_flag,empty,empty,0,1,0,1
1231,icgrep,file_flag,empty,empty,0,1,1,0
1232,icgrep,file_flag,empty,empty,0,1,1,1
1233,icgrep,file_flag,empty,empty,1,0,0,0
1234,icgrep,file_flag,empty,empty,1,0,1,0
1235,icgrep,file_flag,empty,empty,1,1,0,0
1236,icgrep,file_flag,empty,empty,1,1,1,0
1237,icgrep,file_flag,empty,no_match,0,0,0,0
1238,icgrep,file_flag,empty,no_match,0,0,0,1
1239,icgrep,file_flag,empty,no_match,0,0,1,0
1240,icgrep,file_flag,empty,no_match,0,0,1,1
1241,icgrep,file_flag,empty,no_match,0,1,0,0
1242,icgrep,file_flag,empty,no_match,0,1,0,1
1243,icgrep,file_flag,empty,no_match,0,1,1,0
1244,icgrep,file_flag,empty,no_match,0,1,1,1
1245,icgrep,file_flag,empty,no_match,1,0,0,0
1246,icgrep,file_flag,empty,no_match,1,0,1,0
1247,icgrep,file_flag,empty,no_match,1,1,0,0
1248,icgrep,file_flag,empty,no_match,1,1,1,0
1249,icgrep,file_flag,empty,one_match,0,0,0,0
1250,icgrep,file_flag,empty,one_match,0,0,0,1
1251,icgrep,file_flag,empty,one_match,0,0,1,0
1252,icgrep,file_flag,empty,one_match,0,0,1,1
1253,icgrep,file_flag,empty,one_match,0,1,0,0
1254,icgrep,file_flag,empty,one_match,0,1,0,1
1255,icgrep,file_flag,empty,one_match,0,1,1,0
1256,icgrep,file_flag,empty,one_match,0,1,1,1
1257,icgrep,file_flag,empty,one_match,1,0,0,0
1258,icgrep,file_flag,empty,one_match,1,0,1,0
1259,icgrep,file_flag,empty,one_match,1,1,0,0
1260,icgrep,file_flag,empty,one_match,1,1,1,0
1261,icgrep,file_flag,empty,many_match,0,0,0,0
1262,icgrep,file_flag,empty,many_match,0,0,0,1
1263,icgrep,file_flag,empty,many_match,0,0,1,0
1264,icgrep,file_flag,empty,many_match,0,0,1,1
1265,icgrep,file_flag,empty,many_match,0,1,0,0
1266,icgrep,file_flag,empty,many_match,0,1,0,1
1267,icgrep,file_flag,empty,many_match,0,1,1,0
1268,icgrep,file_flag,empty,many_match,0,1,1,1
1269,icgrep,file_flag,empty,many_match,1,0,0,0
1270,icgrep,file_flag,empty,many_match,1,0,1,0
1271,icgrep,file_flag,empty,many_match,1,1,0,0
1272,icgrep,file_flag,empty,many_match,1,1,1,0
1273,icgrep,file_flag,empty,unicode_content,0,0,0,0
1274,icgrep,file_flag,empty,unicode_content,0,0,0,1
1275,icgrep,file_flag,empty,unicode_content,0,0,1,0
1276,icgrep,file_flag,empty,unicode_content,0,0,1,1
1277,icgrep,file_flag,empty,unicode_content,0,1,0,0
1278,icgrep,file_flag,empty,unicode_content,0,1,0,1
1279,icgrep,file_flag,empty,unicode_content,0,1,1,0
1280,icgrep,file_flag,empty,unicode_content,0,1,1,1
1281,icgrep,file_flag,empty,unicode_content,1,0,0,0
1282,icgrep,file_flag,empty,unicode_content,1,0,1,0
1283,icgrep,file_flag,empty,unicode_content,1,1,0,0
1284,icgrep,file_flag,empty,unicode_content,1,1,1,0
1285,icgrep,file_flag,empty,missing_path,0,0,0,0
1286,icgrep,file_flag,empty,missing_path,0,0,1,0
1287,icgrep,file_flag,empty,missing_path,0,1,0,0
1288,icgrep,file_flag,empty,missing_path,0,1,1,0
1289,icgrep,file_flag,empty,missing_path,1,0,0,0
1290,icgrep,file_flag,empty,missing_path,1,0,1,0
1291,icgrep,file_flag,empty,missing_path,1,1,0,0
1292,icgrep,file_flag,empty,missing_path,1,1,1,0
1293,icgrep,file_flag,invalid,empty,0,0,0,0
1294,icgrep,file_flag,invalid,empty,0,0,0,1
1295,icgrep,file_flag,invalid,empty,0,0,1,0
1296,icgrep,file_flag,invalid,empty,0,0,1,1
1297,icgrep,file_flag,invalid,empty,0,1,0,0
1298,icgrep,file_flag,invalid,empty,0,1,0,1
1299,icgrep,file_flag,invalid,empty,0,1,1,0
1300,icgrep,file_flag,invalid,empty,0,1,1,1
1301,icgrep,file_flag,invalid,empty,1,0,0,0
1302,icgrep,file_flag,invalid,empty,1,0,1,0
1303,icgrep,file_flag,invalid,empty,1,1,0,0
1304,icgrep,file_flag,invalid,empty,1,1,1,0
1305,icgrep,file_flag,invalid,no_match,0,0,0,0
1306,icgrep,file_flag,invalid,no_match,0,0,0,1
1307,icgrep,file_flag,invalid,no_match,0,0,1,0
1308,icgrep,file_flag,invalid,no_match,0,0,1,1
1309,icgrep,file_flag,invalid,no_match,0,1,0,0
1310,icgrep,file_flag,invalid,no_match,0,1,0,1
1311,icgrep,file_flag,invalid,no_match,0,1,1,0
1312,icgrep,file_flag,invalid,no_match,0,1,1,1
1313,icgrep,file_flag,invalid,no_match,1,0,0,0
1314,icgrep,file_flag,invalid,no_match,1,0,1,0
1315,icgrep,file_flag,invalid,no_match,1,1,0,0
1316,icgrep,file_flag,invalid,no_match,1,1,1,0
1317,icgrep,file_flag,invalid,one_match,0,0,0,0
1318,icgrep,file_flag,invalid,one_match,0,0,0,1
1319,icgrep,file_flag,invalid,one_match,0,0,1,0
1320,icgrep,file_flag,invalid,one_match,0,0,1,1
1321,icgrep,file_flag,invalid,one_match,0,1,0,0
1322,icgrep,file_flag,invalid,one_match,0,1,0,1
1323,icgrep,file_flag,invalid,one_match,0,1,1,0
1324,icgrep,file_flag,invalid,one_match,0,1,1,1
1325,icgrep,file_flag,invalid,one_match,1,0,0,0
1326,icgrep,file_flag,invalid,one_match,1,0,1,0
1327,icgrep,file_flag,invalid,one_match,1,1,0,0
1328,icgrep,file_flag,invalid,one_match,1,1,1,0
1329,icgrep,file_flag,invalid,many_match,0,0,0,0
1330,icgrep,file_flag,invalid,many_match,0,0,0,1
1331,icgrep,file_flag,invalid,many_match,0,0,1,0
1332,icgrep,file_flag,invalid,many_match,0,0,1,1
1333,icgrep,file_flag,invalid,many_match,0,1,0,0
1334,icgrep,file_flag,invalid,many_match,0,1,0,1
1335,icgrep,file_flag,invalid,many_match,0,1,1,0
1336,icgrep,file_flag,invalid,many_match,0,1,1,1
1337,icgrep,file_flag,invalid,many_match,1,0,0,0
1338,icgrep,file_flag,invalid,many_match,1,0,1,0
1339,icgrep,file_flag,invalid,many_match,1,1,0,0
1340,icgrep,file_flag,invalid,many_match,1,1,1,0
1341,icgrep,file_flag,invalid,unicode_content,0,0,0,0
1342,icgrep,file_flag,invalid,unicode_content,0,0,0,1
1343,icgrep,file_flag,invalid,unicode_content,0,0,1,0
1344,icgrep,file_flag,invalid,unicode_content,0,0,1,1
1345,icgrep,file_flag,invalid,unicode_content,0,1,0,0
1346,icgrep,file_flag,invalid,unicode_content,0,1,0,1
1347,icgrep,file_flag,invalid,unicode_content,0,1,1,0
1348,icgrep,file_flag,invalid,unicode_content,0,1,1,1
1349,icgrep,file_flag,invalid,unicode_content,1,0,0,0
1350,icgrep,file_flag,invalid,unicode_content,1,0,1,0
1351,icgrep,file_flag,invalid,unicode_content,1,1,0,0
1352,icgrep,file_flag,invalid,unicode_content,1,1,1,0
1353,icgrep,file_flag,invalid,missing_path,0,0,0,0
1354,icgrep,file_flag,invalid,missing_path,0,0,1,0
1355,icgrep,file_flag,invalid,missing_path,0,1,0,0
1356,icgrep,file_flag,invalid,missing_path,0,1,1,0
1357,icgrep,file_flag,invalid,missing_path,1,0,0,0
1358,icgrep,file_flag,invalid,missing_path,1,0,1,0
1359,icgrep,file_flag,invalid,missing_path,1,1,0,0
1360,icgrep,file_flag,invalid,missing_path,1,1,1,0
